,Country,Year,Malaria_Test_Percent,Sex,Age_Group,alpha_2_code,alpha_3_code,numeric_code,"Population, total",GDP per capita (constant 2015 US$),GNI (current US$),"Inflation, consumer prices (annual %)","Life expectancy at birth, total (years)",Military expenditure (% of GDP),Fossil fuel energy consumption (% of total),GDP growth (annual %),"Birth rate, crude (per 1,000 people)","Hospital beds (per 1,000 people)"
0,Afghanistan,2023,11.4,Female,Under 5 years old,AF,AFG,4.0,41454761.0,379.707497269884,17315384702.8949,,,,,2.71088679128353,,
1,Afghanistan,2023,11.5,Male,Under 5 years old,AF,AFG,4.0,41454761.0,379.707497269884,17315384702.8949,,,,,2.71088679128353,,
2,Afghanistan,2015,7.9,Total,Under 5 years old,AF,AFG,4.0,33831764.0,565.569730408751,19249499438.7455,-0.66170916471352,62.659,0.994575822723645,,1.45131466066431,38.803,0.44
3,Afghanistan,2023,11.5,Total,Under 5 years old,AF,AFG,4.0,41454761.0,379.707497269884,17315384702.8949,,,,,2.71088679128353,,
4,Angola,2011,27.0,Female,Under 5 years old,AO,AGO,24.0,24218352.0,3099.9422899117,102092420981.586,13.4824679218511,57.596,3.25566035129376,43.8497838995534,3.47205314798103,44.364,
5,Angola,2016,33.0,Female,Under 5 years old,AO,AGO,24.0,29183070.0,3020.98332805417,50010057163.2154,30.6944150806719,61.092,2.73333494465123,,-2.58004964404932,41.377,
6,Angola,2011,24.8,Male,Under 5 years old,AO,AGO,24.0,24218352.0,3099.9422899117,102092420981.586,13.4824679218511,57.596,3.25566035129376,43.8497838995534,3.47205314798103,44.364,
7,Angola,2016,35.5,Male,Under 5 years old,AO,AGO,24.0,29183070.0,3020.98332805417,50010057163.2154,30.6944150806719,61.092,2.73333494465123,,-2.58004964404932,41.377,
8,Angola,2011,26.0,Total,Under 5 years old,AO,AGO,24.0,24218352.0,3099.9422899117,102092420981.586,13.4824679218511,57.596,3.25566035129376,43.8497838995534,3.47205314798103,44.364,
9,Angola,2016,34.3,Total,Under 5 years old,AO,AGO,24.0,29183070.0,3020.98332805417,50010057163.2154,30.6944150806719,61.092,2.73333494465123,,-2.58004964404932,41.377,
10,Benin,2012,17.4,Female,Under 5 years old,BJ,BEN,204.0,10397657.0,943.918771558781,11074623453.1493,6.74468253340712,58.716,0.702056157787745,36.1727707383108,4.811223315688,39.122,0.48
11,Benin,2014,18.3,Female,Under 5 years old,BJ,BEN,204.0,11030004.0,1014.43300624336,13223585565.0973,-0.548757550948091,59.125,0.700924948797968,36.7245813253448,6.35767909791932,39.192,0.46
12,Benin,2018,18.2,Female,Under 5 years old,BJ,BEN,204.0,12383347.0,1071.50452160085,14207330367.8221,0.919170717886054,60.14,0.6328575401476,,6.69725362180888,38.186,0.46
13,Benin,2022,18.9,Female,Under 5 years old,BJ,BEN,204.0,13759501.0,1218.50010515449,17221911302.5535,1.35077863583527,59.954,0.632087491743063,,6.25324491401346,36.071,
14,Benin,2012,17.2,Male,Under 5 years old,BJ,BEN,204.0,10397657.0,943.918771558781,11074623453.1493,6.74468253340712,58.716,0.702056157787745,36.1727707383108,4.811223315688,39.122,0.48
15,Benin,2014,20.0,Male,Under 5 years old,BJ,BEN,204.0,11030004.0,1014.43300624336,13223585565.0973,-0.548757550948091,59.125,0.700924948797968,36.7245813253448,6.35767909791932,39.192,0.46
16,Benin,2018,17.3,Male,Under 5 years old,BJ,BEN,204.0,12383347.0,1071.50452160085,14207330367.8221,0.919170717886054,60.14,0.6328575401476,,6.69725362180888,38.186,0.46
17,Benin,2022,18.4,Male,Under 5 years old,BJ,BEN,204.0,13759501.0,1218.50010515449,17221911302.5535,1.35077863583527,59.954,0.632087491743063,,6.25324491401346,36.071,
18,Benin,2009,3.5,Total,Under 5 years old,BJ,BEN,204.0,9509423.0,936.565651099118,9705498262.94296,0.896072355749111,57.956,,39.8016789157276,2.31929213912838,39.642,
19,Benin,2012,17.3,Total,Under 5 years old,BJ,BEN,204.0,10397657.0,943.918771558781,11074623453.1493,6.74468253340712,58.716,0.702056157787745,36.1727707383108,4.811223315688,39.122,0.48
20,Benin,2014,19.1,Total,Under 5 years old,BJ,BEN,204.0,11030004.0,1014.43300624336,13223585565.0973,-0.548757550948091,59.125,0.700924948797968,36.7245813253448,6.35767909791932,39.192,0.46
21,Benin,2018,17.7,Total,Under 5 years old,BJ,BEN,204.0,12383347.0,1071.50452160085,14207330367.8221,0.919170717886054,60.14,0.6328575401476,,6.69725362180888,38.186,0.46
22,Benin,2022,18.6,Total,Under 5 years old,BJ,BEN,204.0,13759501.0,1218.50010515449,17221911302.5535,1.35077863583527,59.954,0.632087491743063,,6.25324491401346,36.071,
23,Burkina Faso,2010,5.3,Female,Under 5 years old,BF,BFA,854.0,16176498.0,561.847221302489,9807542782.09475,-0.764230734676758,56.477,1.22478599330692,,8.44628157707625,43.206,0.4
24,Burkina Faso,2014,30.7,Female,Under 5 years old,BF,BFA,854.0,18229461.0,624.576885187665,13337500892.7969,-0.258089517535384,58.359,1.27234195224905,,4.32684561452976,40.965,
25,Burkina Faso,2018,50.7,Female,Under 5 years old,BF,BFA,854.0,20438288.0,694.492813126351,15387936815.3249,1.95594302672523,60.047,1.92538455062898,,6.60456906812341,37.294,
26,Burkina Faso,2010,5.3,Male,Under 5 years old,BF,BFA,854.0,16176498.0,561.847221302489,9807542782.09475,-0.764230734676758,56.477,1.22478599330692,,8.44628157707625,43.206,0.4
27,Burkina Faso,2014,29.9,Male,Under 5 years old,BF,BFA,854.0,18229461.0,624.576885187665,13337500892.7969,-0.258089517535384,58.359,1.27234195224905,,4.32684561452976,40.965,
28,Burkina Faso,2018,46.9,Male,Under 5 years old,BF,BFA,854.0,20438288.0,694.492813126351,15387936815.3249,1.95594302672523,60.047,1.92538455062898,,6.60456906812341,37.294,
29,Burkina Faso,2010,5.3,Total,Under 5 years old,BF,BFA,854.0,16176498.0,561.847221302489,9807542782.09475,-0.764230734676758,56.477,1.22478599330692,,8.44628157707625,43.206,0.4
30,Burkina Faso,2014,30.3,Total,Under 5 years old,BF,BFA,854.0,18229461.0,624.576885187665,13337500892.7969,-0.258089517535384,58.359,1.27234195224905,,4.32684561452976,40.965,
31,Burkina Faso,2018,48.8,Total,Under 5 years old,BF,BFA,854.0,20438288.0,694.492813126351,15387936815.3249,1.95594302672523,60.047,1.92538455062898,,6.60456906812341,37.294,
32,Burkina Faso,2021,65.0,Total,Under 5 years old,BF,BFA,854.0,21995243.0,745.472563435144,18774177401.4576,3.65353287214209,59.27,2.32265667240954,,6.94252492572348,35.541,
33,Burundi,2010,27.6,Female,Under 5 years old,BI,BDI,108.0,9376444.0,289.856950614392,2021267251.23096,6.49326591473993,57.081,,,5.12415999439806,46.691,
34,Burundi,2012,27.5,Female,Under 5 years old,BI,BDI,108.0,10071028.0,293.232620547249,2326835709.91274,18.1610453065451,58.493,2.5271777075949,,4.44670633111495,44.413,1.02
35,Burundi,2010,26.5,Male,Under 5 years old,BI,BDI,108.0,9376444.0,289.856950614392,2021267251.23096,6.49326591473993,57.081,,,5.12415999439806,46.691,
36,Burundi,2012,29.2,Male,Under 5 years old,BI,BDI,108.0,10071028.0,293.232620547249,2326835709.91274,18.1610453065451,58.493,2.5271777075949,,4.44670633111495,44.413,1.02
37,Burundi,2010,27.0,Total,Under 5 years old,BI,BDI,108.0,9376444.0,289.856950614392,2021267251.23096,6.49326591473993,57.081,,,5.12415999439806,46.691,
38,Burundi,2012,28.3,Total,Under 5 years old,BI,BDI,108.0,10071028.0,293.232620547249,2326835709.91274,18.1610453065451,58.493,2.5271777075949,,4.44670633111495,44.413,1.02
39,Burundi,2017,66.4,Total,Under 5 years old,BI,BDI,108.0,11506762.0,269.47688960656,2725061087.87066,16.0525353030392,61.553,2.00270990259373,,0.500001262429279,38.124,
40,Cameroon,2022,29.3,Female,Under 5 years old,CM,CMR,120.0,27632771.0,1458.66180431693,43241972760.9174,6.24767713343861,60.958,0.942511872454016,,3.7367840056412,34.352,
41,Cameroon,2022,24.0,Male,Under 5 years old,CM,CMR,120.0,27632771.0,1458.66180431693,43241972760.9174,6.24767713343861,60.958,0.942511872454016,,3.7367840056412,34.352,
42,Cameroon,2014,15.9,Total,Under 5 years old,CM,CMR,120.0,22059893.0,1381.81938454907,35703010549.7371,1.85489850366777,58.935,1.10497962306915,38.3178571912403,5.71981814509198,37.818,
43,Cameroon,2018,21.4,Total,Under 5 years old,CM,CMR,120.0,24806383.0,1461.01969999317,39216305348.0458,1.0688581131292,61.18,1.07600981816736,,3.95551423892049,36.716,
44,Cameroon,2022,26.5,Total,Under 5 years old,CM,CMR,120.0,27632771.0,1458.66180431693,43241972760.9174,6.24767713343861,60.958,0.942511872454016,,3.7367840056412,34.352,
45,Central African Republic,2010,15.7,Female,Under 5 years old,CF,CAF,140.0,4492995.0,519.141456408484,2152234866.4585,1.49102370047802,49.255,2.40996017514635,,4.63081843223307,43.237,
46,Central African Republic,2019,26.1,Female,Under 5 years old,CF,CAF,140.0,4944703.0,401.82582161435,2386023468.72084,2.68537355266787,55.025,1.79005408969,,3.09999999999999,41.92,
47,Central African Republic,2010,17.8,Male,Under 5 years old,CF,CAF,140.0,4492995.0,519.141456408484,2152234866.4585,1.49102370047802,49.255,2.40996017514635,,4.63081843223307,43.237,
48,Central African Republic,2019,27.4,Male,Under 5 years old,CF,CAF,140.0,4944703.0,401.82582161435,2386023468.72084,2.68537355266787,55.025,1.79005408969,,3.09999999999999,41.92,
49,Central African Republic,2010,16.8,Total,Under 5 years old,CF,CAF,140.0,4492995.0,519.141456408484,2152234866.4585,1.49102370047802,49.255,2.40996017514635,,4.63081843223307,43.237,
50,Central African Republic,2019,26.8,Total,Under 5 years old,CF,CAF,140.0,4944703.0,401.82582161435,2386023468.72084,2.68537355266787,55.025,1.79005408969,,3.09999999999999,41.92,
51,Chad,2010,8.9,Female,Under 5 years old,TD,TCD,148.0,12312575.0,702.835158960433,10312400156.7342,-2.07786574641866,49.584,5.76493069797245,,13.5501008595489,48.764,
52,Chad,2015,12.4,Female,Under 5 years old,TD,TCD,148.0,14647621.0,747.588448455507,10618477308.952,4.37712665065654,51.589,2.01882278072372,,2.76767568484473,46.367,0.49
53,Chad,2019,16.4,Female,Under 5 years old,TD,TCD,148.0,16685223.0,630.861050028594,11140998348.157,-0.971939175419317,53.259,2.13540316157051,,3.24718191743429,44.229,
54,Chad,2010,9.1,Male,Under 5 years old,TD,TCD,148.0,12312575.0,702.835158960433,10312400156.7342,-2.07786574641866,49.584,5.76493069797245,,13.5501008595489,48.764,
55,Chad,2015,13.4,Male,Under 5 years old,TD,TCD,148.0,14647621.0,747.588448455507,10618477308.952,4.37712665065654,51.589,2.01882278072372,,2.76767568484473,46.367,0.49
56,Chad,2019,18.7,Male,Under 5 years old,TD,TCD,148.0,16685223.0,630.861050028594,11140998348.157,-0.971939175419317,53.259,2.13540316157051,,3.24718191743429,44.229,
57,Chad,2010,9.0,Total,Under 5 years old,TD,TCD,148.0,12312575.0,702.835158960433,10312400156.7342,-2.07786574641866,49.584,5.76493069797245,,13.5501008595489,48.764,
58,Chad,2015,12.9,Total,Under 5 years old,TD,TCD,148.0,14647621.0,747.588448455507,10618477308.952,4.37712665065654,51.589,2.01882278072372,,2.76767568484473,46.367,0.49
59,Chad,2019,17.6,Total,Under 5 years old,TD,TCD,148.0,16685223.0,630.861050028594,11140998348.157,-0.971939175419317,53.259,2.13540316157051,,3.24718191743429,44.229,
60,Comoros,2012,32.6,Female,Under 5 years old,KM,COM,174.0,681630.0,1313.58194779807,1014150823.30033,6.31474450315196,61.834,,,3.16840986908748,33.408,
61,Comoros,2012,23.6,Male,Under 5 years old,KM,COM,174.0,681630.0,1313.58194779807,1014150823.30033,6.31474450315196,61.834,,,3.16840986908748,33.408,
62,Comoros,2012,28.0,Total,Under 5 years old,KM,COM,174.0,681630.0,1313.58194779807,1014150823.30033,6.31474450315196,61.834,,,3.16840986908748,33.408,
63,Congo,2012,28.3,Female,Under 5 years old,CG,COG,178.0,4740450.0,2467.06102906839,16736472283.2997,5.01018773134471,62.317,,41.4722903610169,9.94715314257564,37.508,
64,Congo,2015,30.7,Female,Under 5 years old,CG,COG,178.0,5097581.0,2439.35189403696,12368954507.0538,3.16909796750829,63.233,,,0.415193061293763,34.648,
65,Congo,2012,29.3,Male,Under 5 years old,CG,COG,178.0,4740450.0,2467.06102906839,16736472283.2997,5.01018773134471,62.317,,41.4722903610169,9.94715314257564,37.508,
66,Congo,2015,29.7,Male,Under 5 years old,CG,COG,178.0,5097581.0,2439.35189403696,12368954507.0538,3.16909796750829,63.233,,,0.415193061293763,34.648,
67,Congo,2012,28.8,Total,Under 5 years old,CG,COG,178.0,4740450.0,2467.06102906839,16736472283.2997,5.01018773134471,62.317,,41.4722903610169,9.94715314257564,37.508,
68,Congo,2015,29.7,Total,Under 5 years old,CG,COG,178.0,5097581.0,2439.35189403696,12368954507.0538,3.16909796750829,63.233,,,0.415193061293763,34.648,
69,Ivory Coast,2012,8.8,Female,Under 5 years old,CI,CIV,384.0,23467078.0,1503.43433046682,25926659727.4129,1.30451119915597,56.158,1.10066387533087,24.6801540811143,7.62041176451649,37.742,
70,Ivory Coast,2016,26.9,Female,Under 5 years old,CI,CIV,384.0,25989405.0,1889.27777949938,47331529982.55,0.723178457513217,58.06,1.25737962390348,,7.17275963956332,35.959,
71,Ivory Coast,2012,13.4,Male,Under 5 years old,CI,CIV,384.0,23467078.0,1503.43433046682,25926659727.4129,1.30451119915597,56.158,1.10066387533087,24.6801540811143,7.62041176451649,37.742,
72,Ivory Coast,2016,25.7,Male,Under 5 years old,CI,CIV,384.0,25989405.0,1889.27777949938,47331529982.55,0.723178457513217,58.06,1.25737962390348,,7.17275963956332,35.959,
73,Ivory Coast,2012,11.0,Total,Under 5 years old,CI,CIV,384.0,23467078.0,1503.43433046682,25926659727.4129,1.30451119915597,56.158,1.10066387533087,24.6801540811143,7.62041176451649,37.742,
74,Ivory Coast,2016,26.3,Total,Under 5 years old,CI,CIV,384.0,25989405.0,1889.27777949938,47331529982.55,0.723178457513217,58.06,1.25737962390348,,7.17275963956332,35.959,
75,Ivory Coast,2021,38.4,Total,Under 5 years old,CI,CIV,384.0,29639736.0,2146.47635317946,70557249154.8822,4.09195189692863,58.598,0.910633112973165,,7.06332910205232,33.934,
76,"Congo, the Democratic Republic of the",2010,17.8,Female,Under 5 years old,CD,COD,180.0,68563038.0,380.578038274352,20654940435.8225,7.10000000000037,56.417,0.851731339135211,3.07821100504897,7.10797657581392,44.526,
77,"Congo, the Democratic Republic of the",2014,18.2,Female,Under 5 years old,CD,COD,180.0,78403242.0,452.339650501681,32869069802.4626,1.24303889760803,58.296,0.950247139541403,5.3558141424822,9.4702880993101,43.992,
78,"Congo, the Democratic Republic of the",2018,22.1,Female,Under 5 years old,CD,COD,180.0,90047644.0,473.294077418165,45864379355.5355,,59.942,0.623912514687135,,5.82112109969025,42.989,
79,"Congo, the Democratic Republic of the",2010,16.5,Male,Under 5 years old,CD,COD,180.0,68563038.0,380.578038274352,20654940435.8225,7.10000000000037,56.417,0.851731339135211,3.07821100504897,7.10797657581392,44.526,
80,"Congo, the Democratic Republic of the",2014,19.0,Male,Under 5 years old,CD,COD,180.0,78403242.0,452.339650501681,32869069802.4626,1.24303889760803,58.296,0.950247139541403,5.3558141424822,9.4702880993101,43.992,
81,"Congo, the Democratic Republic of the",2018,22.4,Male,Under 5 years old,CD,COD,180.0,90047644.0,473.294077418165,45864379355.5355,,59.942,0.623912514687135,,5.82112109969025,42.989,
82,"Congo, the Democratic Republic of the",2010,17.2,Total,Under 5 years old,CD,COD,180.0,68563038.0,380.578038274352,20654940435.8225,7.10000000000037,56.417,0.851731339135211,3.07821100504897,7.10797657581392,44.526,
83,"Congo, the Democratic Republic of the",2014,18.6,Total,Under 5 years old,CD,COD,180.0,78403242.0,452.339650501681,32869069802.4626,1.24303889760803,58.296,0.950247139541403,5.3558141424822,9.4702880993101,43.992,
84,"Congo, the Democratic Republic of the",2018,22.3,Total,Under 5 years old,CD,COD,180.0,90047644.0,473.294077418165,45864379355.5355,,59.942,0.623912514687135,,5.82112109969025,42.989,
85,Equatorial Guinea,2011,43.5,Female,Under 5 years old,GQ,GNQ,226.0,1241835.0,11203.9073679091,13819219548.0269,4.805389221557,58.412,,,6.52392362989873,38.06,
86,Equatorial Guinea,2011,48.3,Male,Under 5 years old,GQ,GNQ,226.0,1241835.0,11203.9073679091,13819219548.0269,4.805389221557,58.412,,,6.52392362989873,38.06,
87,Equatorial Guinea,2011,45.9,Total,Under 5 years old,GQ,GNQ,226.0,1241835.0,11203.9073679091,13819219548.0269,4.805389221557,58.412,,,6.52392362989873,38.06,
88,Swaziland,2010,10.3,Female,Under 5 years old,SZ,SWZ,748.0,1111650.0,3023.35956185278,4212614314.93267,4.50923691774369,46.619,2.37429405971718,,3.79375496828149,30.083,
89,Swaziland,2021,12.6,Female,Under 5 years old,SZ,SWZ,748.0,1206593.0,3621.25805750801,4375150957.8119,,57.066,1.78385478033566,,3.39933858133693,24.134,
90,Swaziland,2022,12.6,Female,Under 5 years old,SZ,SWZ,748.0,1218917.0,3582.22100266559,4318606144.38706,,56.36,1.64512139394137,,-0.0676192583464115,23.642,
91,Swaziland,2010,16.7,Male,Under 5 years old,SZ,SWZ,748.0,1111650.0,3023.35956185278,4212614314.93267,4.50923691774369,46.619,2.37429405971718,,3.79375496828149,30.083,
92,Swaziland,2021,13.4,Male,Under 5 years old,SZ,SWZ,748.0,1206593.0,3621.25805750801,4375150957.8119,,57.066,1.78385478033566,,3.39933858133693,24.134,
93,Swaziland,2022,13.4,Male,Under 5 years old,SZ,SWZ,748.0,1218917.0,3582.22100266559,4318606144.38706,,56.36,1.64512139394137,,-0.0676192583464115,23.642,
94,Swaziland,2010,13.6,Total,Under 5 years old,SZ,SWZ,748.0,1111650.0,3023.35956185278,4212614314.93267,4.50923691774369,46.619,2.37429405971718,,3.79375496828149,30.083,
95,Swaziland,2021,13.0,Total,Under 5 years old,SZ,SWZ,748.0,1206593.0,3621.25805750801,4375150957.8119,,57.066,1.78385478033566,,3.39933858133693,24.134,
96,Swaziland,2022,13.0,Total,Under 5 years old,SZ,SWZ,748.0,1218917.0,3582.22100266559,4318606144.38706,,56.36,1.64512139394137,,-0.0676192583464115,23.642,
97,Ethiopia,2011,15.5,Female,Under 5 years old,ET,ETH,231.0,93149970.0,474.159034335211,31883271774.1935,33.2499598823344,60.721,1.09070647415251,4.5734118034144,11.1782962271641,35.846,6.3
98,Ethiopia,2015,16.5,Female,Under 5 years old,ET,ETH,231.0,103867135.0,621.845673808133,64326828327.9098,9.56889955968623,63.649,0.70541465068261,,10.3924630202334,33.428,0.3
99,Ethiopia,2011,17.3,Male,Under 5 years old,ET,ETH,231.0,93149970.0,474.159034335211,31883271774.1935,33.2499598823344,60.721,1.09070647415251,4.5734118034144,11.1782962271641,35.846,6.3
100,Ethiopia,2015,17.0,Male,Under 5 years old,ET,ETH,231.0,103867135.0,621.845673808133,64326828327.9098,9.56889955968623,63.649,0.70541465068261,,10.3924630202334,33.428,0.3
101,Ethiopia,2011,19.8,Total,Under 5 years old,ET,ETH,231.0,93149970.0,474.159034335211,31883271774.1935,33.2499598823344,60.721,1.09070647415251,4.5734118034144,11.1782962271641,35.846,6.3
102,Ethiopia,2015,16.7,Total,Under 5 years old,ET,ETH,231.0,103867135.0,621.845673808133,64326828327.9098,9.56889955968623,63.649,0.70541465068261,,10.3924630202334,33.428,0.3
103,Gabon,2021,14.2,Female,Under 5 years old,GA,GAB,266.0,2376722.0,6479.0490069252,17052331403.4882,1.0869074651941,65.821,1.54092336488807,,1.46795731508091,27.142,
104,Gabon,2021,13.8,Male,Under 5 years old,GA,GAB,266.0,2376722.0,6479.0490069252,17052331403.4882,1.0869074651941,65.821,1.54092336488807,,1.46795731508091,27.142,
105,Gabon,2021,14.0,Total,Under 5 years old,GA,GAB,266.0,2376722.0,6479.0490069252,17052331403.4882,1.0869074651941,65.821,1.54092336488807,,1.46795731508091,27.142,
106,Gambia,2010,18.8,Female,Under 5 years old,GM,GMB,270.0,1926630.0,701.014524591061,1513388694.69798,5.04968075857402,60.717,,,5.90833580968288,41.084,
107,Gambia,2013,37.0,Female,Under 5 years old,GM,GMB,270.0,2103820.0,638.522368532214,1345939442.48817,5.69912989637382,62.114,0.739511152519748,,2.872768790327,39.398,
108,Gambia,2018,26.1,Female,Under 5 years old,GM,GMB,270.0,2399632.0,658.127833258563,1641472104.63513,6.52096823946573,63.04,0.715876283557486,,7.23489033258579,34.924,
109,Gambia,2020,28.2,Female,Under 5 years old,GM,GMB,270.0,2515733.0,670.758642891251,1785259979.96958,5.93127636562441,62.612,0.809324910343592,,0.591487287873974,33.719,1.11
110,Gambia,2010,17.9,Male,Under 5 years old,GM,GMB,270.0,1926630.0,701.014524591061,1513388694.69798,5.04968075857402,60.717,,,5.90833580968288,41.084,
111,Gambia,2013,35.9,Male,Under 5 years old,GM,GMB,270.0,2103820.0,638.522368532214,1345939442.48817,5.69912989637382,62.114,0.739511152519748,,2.872768790327,39.398,
112,Gambia,2018,28.1,Male,Under 5 years old,GM,GMB,270.0,2399632.0,658.127833258563,1641472104.63513,6.52096823946573,63.04,0.715876283557486,,7.23489033258579,34.924,
113,Gambia,2020,26.6,Male,Under 5 years old,GM,GMB,270.0,2515733.0,670.758642891251,1785259979.96958,5.93127636562441,62.612,0.809324910343592,,0.591487287873974,33.719,1.11
114,Gambia,2010,18.3,Total,Under 5 years old,GM,GMB,270.0,1926630.0,701.014524591061,1513388694.69798,5.04968075857402,60.717,,,5.90833580968288,41.084,
115,Gambia,2013,36.4,Total,Under 5 years old,GM,GMB,270.0,2103820.0,638.522368532214,1345939442.48817,5.69912989637382,62.114,0.739511152519748,,2.872768790327,39.398,
116,Gambia,2018,27.1,Total,Under 5 years old,GM,GMB,270.0,2399632.0,658.127833258563,1641472104.63513,6.52096823946573,63.04,0.715876283557486,,7.23489033258579,34.924,
117,Gambia,2020,27.3,Total,Under 5 years old,GM,GMB,270.0,2515733.0,670.758642891251,1785259979.96958,5.93127636562441,62.612,0.809324910343592,,0.591487287873974,33.719,1.11
118,Ghana,2011,15.4,Female,Under 5 years old,GH,GHA,288.0,26095088.0,1536.86037125821,38113676481.7098,8.7284593709302,61.652,0.43515452267479,49.8210397188239,14.0471235803149,32.957,0.68
119,Ghana,2014,36.4,Female,Under 5 years old,GH,GHA,288.0,28041592.0,1725.29387642979,51920567774.009,15.4896160333318,63.045,0.484989051455069,52.5430601292631,2.85624016330883,31.834,0.71
120,Ghana,2018,32.3,Female,Under 5 years old,GH,GHA,288.0,30637585.0,1914.26001947098,64269886147.6558,7.80876516610703,64.122,0.32587623925291,,6.20007768127284,29.025,
121,Ghana,2019,34.2,Female,Under 5 years old,GH,GHA,288.0,31258945.0,1998.3081197152,65527721243.3015,7.14364003330857,64.74,0.343818178617089,,6.5077747939152,28.572,
122,Ghana,2022,38.8,Female,Under 5 years old,GH,GHA,288.0,33149152.0,2066.17306715611,72989253312.2189,31.2558951049016,63.945,0.337946355940024,,3.81750462109567,27.08,
123,Ghana,2011,16.3,Male,Under 5 years old,GH,GHA,288.0,26095088.0,1536.86037125821,38113676481.7098,8.7284593709302,61.652,0.43515452267479,49.8210397188239,14.0471235803149,32.957,0.68
124,Ghana,2014,32.6,Male,Under 5 years old,GH,GHA,288.0,28041592.0,1725.29387642979,51920567774.009,15.4896160333318,63.045,0.484989051455069,52.5430601292631,2.85624016330883,31.834,0.71
125,Ghana,2018,32.1,Male,Under 5 years old,GH,GHA,288.0,30637585.0,1914.26001947098,64269886147.6558,7.80876516610703,64.122,0.32587623925291,,6.20007768127284,29.025,
126,Ghana,2019,34.1,Male,Under 5 years old,GH,GHA,288.0,31258945.0,1998.3081197152,65527721243.3015,7.14364003330857,64.74,0.343818178617089,,6.5077747939152,28.572,
127,Ghana,2022,41.2,Male,Under 5 years old,GH,GHA,288.0,33149152.0,2066.17306715611,72989253312.2189,31.2558951049016,63.945,0.337946355940024,,3.81750462109567,27.08,
128,Ghana,2011,15.9,Total,Under 5 years old,GH,GHA,288.0,26095088.0,1536.86037125821,38113676481.7098,8.7284593709302,61.652,0.43515452267479,49.8210397188239,14.0471235803149,32.957,0.68
129,Ghana,2014,34.3,Total,Under 5 years old,GH,GHA,288.0,28041592.0,1725.29387642979,51920567774.009,15.4896160333318,63.045,0.484989051455069,52.5430601292631,2.85624016330883,31.834,0.71
130,Ghana,2016,30.3,Total,Under 5 years old,GH,GHA,288.0,29356742.0,1739.72659778545,53961346502.9182,17.4546347070868,63.89,0.291412454265461,,3.37346574966936,30.527,
131,Ghana,2018,32.2,Total,Under 5 years old,GH,GHA,288.0,30637585.0,1914.26001947098,64269886147.6558,7.80876516610703,64.122,0.32587623925291,,6.20007768127284,29.025,
132,Ghana,2019,34.1,Total,Under 5 years old,GH,GHA,288.0,31258945.0,1998.3081197152,65527721243.3015,7.14364003330857,64.74,0.343818178617089,,6.5077747939152,28.572,
133,Ghana,2022,40.0,Total,Under 5 years old,GH,GHA,288.0,33149152.0,2066.17306715611,72989253312.2189,31.2558951049016,63.945,0.337946355940024,,3.81750462109567,27.08,
134,Guinea,2012,7.3,Female,Under 5 years old,GN,GIN,324.0,10921581.0,719.505916794546,7516064556.84534,15.2262941038638,57.406,2.24508735704069,,5.91528626133322,38.44,
135,Guinea,2016,17.2,Female,Under 5 years old,GN,GIN,324.0,12073030.0,807.236421043888,8493617258.44898,8.17268112275132,58.763,1.92171114610153,,10.82062719659,37.396,
136,Guinea,2021,28.9,Female,Under 5 years old,GN,GIN,324.0,13710513.0,973.646890096159,16378939819.7924,12.5972882566934,58.892,1.53213218753336,,5.5823328114905,34.425,
137,Guinea,2012,9.6,Male,Under 5 years old,GN,GIN,324.0,10921581.0,719.505916794546,7516064556.84534,15.2262941038638,57.406,2.24508735704069,,5.91528626133322,38.44,
138,Guinea,2016,16.9,Male,Under 5 years old,GN,GIN,324.0,12073030.0,807.236421043888,8493617258.44898,8.17268112275132,58.763,1.92171114610153,,10.82062719659,37.396,
139,Guinea,2021,27.2,Male,Under 5 years old,GN,GIN,324.0,13710513.0,973.646890096159,16378939819.7924,12.5972882566934,58.892,1.53213218753336,,5.5823328114905,34.425,
140,Guinea,2012,8.5,Total,Under 5 years old,GN,GIN,324.0,10921581.0,719.505916794546,7516064556.84534,15.2262941038638,57.406,2.24508735704069,,5.91528626133322,38.44,
141,Guinea,2016,17.0,Total,Under 5 years old,GN,GIN,324.0,12073030.0,807.236421043888,8493617258.44898,8.17268112275132,58.763,1.92171114610153,,10.82062719659,37.396,
142,Guinea,2018,20.5,Total,Under 5 years old,GN,GIN,324.0,12704774.0,899.907328045175,11675180326.704,9.82761701259191,59.349,1.77140056080645,,6.35849192736715,35.931,
143,Guinea,2021,28.0,Total,Under 5 years old,GN,GIN,324.0,13710513.0,973.646890096159,16378939819.7924,12.5972882566934,58.892,1.53213218753336,,5.5823328114905,34.425,
144,Guinea-Bissau,2010,7.3,Female,Under 5 years old,GW,GNB,624.0,1566347.0,625.904027290582,937792524.96667,2.51785140171697,56.23,1.82387957578709,,5.60536311358261,38.427,
145,Guinea-Bissau,2014,21.2,Female,Under 5 years old,GW,GNB,624.0,1741122.0,623.610159103365,1172586039.98851,-1.50924460570503,58.61,1.89380436110046,,0.964525745841428,36.472,
146,Guinea-Bissau,2019,36.0,Female,Under 5 years old,GW,GNB,624.0,1967696.0,707.793673750722,1615032331.88075,0.24660026814783,60.882,1.53211512931544,,5.55045564999175,32.093,
147,Guinea-Bissau,2010,7.0,Male,Under 5 years old,GW,GNB,624.0,1566347.0,625.904027290582,937792524.96667,2.51785140171697,56.23,1.82387957578709,,5.60536311358261,38.427,
148,Guinea-Bissau,2014,25.3,Male,Under 5 years old,GW,GNB,624.0,1741122.0,623.610159103365,1172586039.98851,-1.50924460570503,58.61,1.89380436110046,,0.964525745841428,36.472,
149,Guinea-Bissau,2019,34.0,Male,Under 5 years old,GW,GNB,624.0,1967696.0,707.793673750722,1615032331.88075,0.24660026814783,60.882,1.53211512931544,,5.55045564999175,32.093,
150,Guinea-Bissau,2010,7.1,Total,Under 5 years old,GW,GNB,624.0,1566347.0,625.904027290582,937792524.96667,2.51785140171697,56.23,1.82387957578709,,5.60536311358261,38.427,
151,Guinea-Bissau,2014,23.3,Total,Under 5 years old,GW,GNB,624.0,1741122.0,623.610159103365,1172586039.98851,-1.50924460570503,58.61,1.89380436110046,,0.964525745841428,36.472,
152,Guinea-Bissau,2019,34.9,Total,Under 5 years old,GW,GNB,624.0,1967696.0,707.793673750722,1615032331.88075,0.24660026814783,60.882,1.53211512931544,,5.55045564999175,32.093,
153,Guyana,2014,12.9,Female,Under 5 years old,GY,GUY,328.0,754229.0,5635.71704117947,4154360152.00778,0.852630497539914,67.882,0.951652170035393,,1.68649445019584,21.423,1.75
154,Guyana,2014,11.3,Male,Under 5 years old,GY,GUY,328.0,754229.0,5635.71704117947,4154360152.00778,0.852630497539914,67.882,0.951652170035393,,1.68649445019584,21.423,1.75
155,Guyana,2014,12.0,Total,Under 5 years old,GY,GUY,328.0,754229.0,5635.71704117947,4154360152.00778,0.852630497539914,67.882,0.951652170035393,,1.68649445019584,21.423,1.75
156,Haiti,2012,13.6,Female,Under 5 years old,HT,HTI,332.0,10069771.0,1354.88546124499,13763468551.0579,5.01804155429246,62.291,,18.0495573091567,0.502424403581585,26.595,
157,Haiti,2017,14.5,Female,Under 5 years old,HT,HTI,332.0,10817754.0,1432.67228609541,15151864668.1994,10.6800887242584,63.854,0.04364592592778,,2.51027134544685,24.98,
158,Haiti,2012,10.7,Male,Under 5 years old,HT,HTI,332.0,10069771.0,1354.88546124499,13763468551.0579,5.01804155429246,62.291,,18.0495573091567,0.502424403581585,26.595,
159,Haiti,2017,17.1,Male,Under 5 years old,HT,HTI,332.0,10817754.0,1432.67228609541,15151864668.1994,10.6800887242584,63.854,0.04364592592778,,2.51027134544685,24.98,
160,Haiti,2012,12.2,Total,Under 5 years old,HT,HTI,332.0,10069771.0,1354.88546124499,13763468551.0579,5.01804155429246,62.291,,18.0495573091567,0.502424403581585,26.595,
161,Haiti,2017,15.8,Total,Under 5 years old,HT,HTI,332.0,10817754.0,1432.67228609541,15151864668.1994,10.6800887242584,63.854,0.04364592592778,,2.51027134544685,24.98,
162,Honduras,2019,8.9,Female,Under 5 years old,HN,HND,340.0,9943633.0,2447.61649282181,22895236635.6885,4.36587159819267,72.881,1.56512001524757,,2.55963434592314,21.628,0.65
163,Honduras,2019,6.8,Male,Under 5 years old,HN,HND,340.0,9943633.0,2447.61649282181,22895236635.6885,4.36587159819267,72.881,1.56512001524757,,2.55963434592314,21.628,0.65
164,Honduras,2019,7.8,Total,Under 5 years old,HN,HND,340.0,9943633.0,2447.61649282181,22895236635.6885,4.36587159819267,72.881,1.56512001524757,,2.55963434592314,21.628,0.65
165,India,2014,15.3,Female,Under 5 years old,IN,IND,356.0,1312277191.0,1484.31640682913,2015014420953.0,6.66565671867899,69.074,2.54398176462257,73.5769790878008,7.41022760508854,19.049,1.73
166,India,2016,10.8,Female,Under 5 years old,IN,IND,356.0,1343944296.0,1694.46534973825,2268496715258.31,4.94821634062141,70.117,2.54315152114541,,8.25630550179086,18.514,1.68
167,India,2021,13.2,Female,Under 5 years old,IN,IND,356.0,1414203896.0,1965.30943437506,3129982849042.07,5.13140747176369,67.24,2.48038870521367,,9.68959249192875,16.419,1.6
168,India,2014,15.3,Male,Under 5 years old,IN,IND,356.0,1312277191.0,1484.31640682913,2015014420953.0,6.66565671867899,69.074,2.54398176462257,73.5769790878008,7.41022760508854,19.049,1.73
169,India,2016,10.8,Male,Under 5 years old,IN,IND,356.0,1343944296.0,1694.46534973825,2268496715258.31,4.94821634062141,70.117,2.54315152114541,,8.25630550179086,18.514,1.68
170,India,2021,13.9,Male,Under 5 years old,IN,IND,356.0,1414203896.0,1965.30943437506,3129982849042.07,5.13140747176369,67.24,2.48038870521367,,9.68959249192875,16.419,1.6
171,India,2014,15.3,Total,Under 5 years old,IN,IND,356.0,1312277191.0,1484.31640682913,2015014420953.0,6.66565671867899,69.074,2.54398176462257,73.5769790878008,7.41022760508854,19.049,1.73
172,India,2016,10.8,Total,Under 5 years old,IN,IND,356.0,1343944296.0,1694.46534973825,2268496715258.31,4.94821634062141,70.117,2.54315152114541,,8.25630550179086,18.514,1.68
173,India,2021,13.6,Total,Under 5 years old,IN,IND,356.0,1414203896.0,1965.30943437506,3129982849042.07,5.13140747176369,67.24,2.48038870521367,,9.68959249192875,16.419,1.6
174,Kenya,2010,12.1,Female,Under 5 years old,KE,KEN,404.0,41598567.0,1340.16467408856,39852484980.0245,3.96138889115385,60.649,1.3699852575929,19.411686082096,8.05847360290906,35.422,1.4
175,Kenya,2014,34.8,Female,Under 5 years old,KE,KEN,404.0,46051440.0,1450.59338202277,60579831275.5359,6.87815499275949,61.816,1.19943336712808,17.3795726114892,5.02011100232484,31.298,
176,Kenya,2015,42.0,Female,Under 5 years old,KE,KEN,404.0,47088526.0,1489.11959777284,63195136105.8826,6.58215429284779,61.892,1.20316940776845,,4.96772112759767,30.957,
177,Kenya,2020,32.7,Female,Under 5 years old,KE,KEN,404.0,52217334.0,1609.33414078281,99981709856.8935,5.40516207933392,62.675,1.10843419595019,,-0.272766327438816,27.998,
178,Kenya,2022,32.2,Female,Under 5 years old,KE,KEN,404.0,54252461.0,1747.53198804428,112689233872.207,7.65986268272224,62.055,1.01020520038813,,4.85998104287999,27.54,
179,Kenya,2010,11.6,Male,Under 5 years old,KE,KEN,404.0,41598567.0,1340.16467408856,39852484980.0245,3.96138889115385,60.649,1.3699852575929,19.411686082096,8.05847360290906,35.422,1.4
180,Kenya,2014,35.0,Male,Under 5 years old,KE,KEN,404.0,46051440.0,1450.59338202277,60579831275.5359,6.87815499275949,61.816,1.19943336712808,17.3795726114892,5.02011100232484,31.298,
181,Kenya,2015,36.7,Male,Under 5 years old,KE,KEN,404.0,47088526.0,1489.11959777284,63195136105.8826,6.58215429284779,61.892,1.20316940776845,,4.96772112759767,30.957,
182,Kenya,2020,38.5,Male,Under 5 years old,KE,KEN,404.0,52217334.0,1609.33414078281,99981709856.8935,5.40516207933392,62.675,1.10843419595019,,-0.272766327438816,27.998,
183,Kenya,2022,34.6,Male,Under 5 years old,KE,KEN,404.0,54252461.0,1747.53198804428,112689233872.207,7.65986268272224,62.055,1.01020520038813,,4.85998104287999,27.54,
184,Kenya,2010,11.8,Total,Under 5 years old,KE,KEN,404.0,41598567.0,1340.16467408856,39852484980.0245,3.96138889115385,60.649,1.3699852575929,19.411686082096,8.05847360290906,35.422,1.4
185,Kenya,2014,34.9,Total,Under 5 years old,KE,KEN,404.0,46051440.0,1450.59338202277,60579831275.5359,6.87815499275949,61.816,1.19943336712808,17.3795726114892,5.02011100232484,31.298,
186,Kenya,2015,39.2,Total,Under 5 years old,KE,KEN,404.0,47088526.0,1489.11959777284,63195136105.8826,6.58215429284779,61.892,1.20316940776845,,4.96772112759767,30.957,
187,Kenya,2020,35.5,Total,Under 5 years old,KE,KEN,404.0,52217334.0,1609.33414078281,99981709856.8935,5.40516207933392,62.675,1.10843419595019,,-0.272766327438816,27.998,
188,Kenya,2022,33.4,Total,Under 5 years old,KE,KEN,404.0,54252461.0,1747.53198804428,112689233872.207,7.65986268272224,62.055,1.01020520038813,,4.85998104287999,27.54,
189,Lao People's Democratic Republic,2012,9.2,Female,Under 5 years old,LA,LAO,418.0,6518978.0,1774.63585203672,9584409923.89747,4.2551267783209,65.355,0.199455064976167,,8.02609843461283,25.811,1.53
190,Lao People's Democratic Republic,2017,9.0,Female,Under 5 years old,LA,LAO,418.0,7018147.0,2351.57441747595,16170183136.7602,0.825478607568026,67.434,,,6.8925308726989,23.715,1.58
191,Lao People's Democratic Republic,2012,9.0,Male,Under 5 years old,LA,LAO,418.0,6518978.0,1774.63585203672,9584409923.89747,4.2551267783209,65.355,0.199455064976167,,8.02609843461283,25.811,1.53
192,Lao People's Democratic Republic,2017,8.0,Male,Under 5 years old,LA,LAO,418.0,7018147.0,2351.57441747595,16170183136.7602,0.825478607568026,67.434,,,6.8925308726989,23.715,1.58
193,Lao People's Democratic Republic,2012,9.1,Total,Under 5 years old,LA,LAO,418.0,6518978.0,1774.63585203672,9584409923.89747,4.2551267783209,65.355,0.199455064976167,,8.02609843461283,25.811,1.53
194,Lao People's Democratic Republic,2017,8.5,Total,Under 5 years old,LA,LAO,418.0,7018147.0,2351.57441747595,16170183136.7602,0.825478607568026,67.434,,,6.8925308726989,23.715,1.58
195,Liberia,2011,34.9,Female,Under 5 years old,LR,LBR,430.0,4221178.0,646.908727016597,2273155200.0,8.488167518494,59.62,1.05878496963336,,8.20076822497064,37.395,
196,Liberia,2013,40.8,Female,Under 5 years old,LR,LBR,430.0,4470239.0,717.007280358975,2875704600.0,7.577306817414,59.943,1.08123677293918,,8.68728781639683,36.138,
197,Liberia,2020,48.1,Female,Under 5 years old,LR,LBR,430.0,5149463.0,605.025475431411,2887982500.0,16.9557241496255,60.948,0.973405960386543,,-2.98249127649473,31.708,
198,Liberia,2022,50.9,Female,Under 5 years old,LR,LBR,430.0,5373294.0,638.005183858289,3751047000.0,7.59298486560313,61.1,2.48853504900889,,4.80810517290655,30.996,
199,Liberia,2011,31.8,Male,Under 5 years old,LR,LBR,430.0,4221178.0,646.908727016597,2273155200.0,8.488167518494,59.62,1.05878496963336,,8.20076822497064,37.395,
200,Liberia,2013,43.0,Male,Under 5 years old,LR,LBR,430.0,4470239.0,717.007280358975,2875704600.0,7.577306817414,59.943,1.08123677293918,,8.68728781639683,36.138,
201,Liberia,2020,50.0,Male,Under 5 years old,LR,LBR,430.0,5149463.0,605.025475431411,2887982500.0,16.9557241496255,60.948,0.973405960386543,,-2.98249127649473,31.708,
202,Liberia,2022,39.9,Male,Under 5 years old,LR,LBR,430.0,5373294.0,638.005183858289,3751047000.0,7.59298486560313,61.1,2.48853504900889,,4.80810517290655,30.996,
203,Liberia,2009,23.4,Total,Under 5 years old,LR,LBR,430.0,3943028.0,603.256211077605,1623399900.0,7.42764305914919,59.194,0.651749770983154,,5.30054050291531,38.94,0.7
204,Liberia,2011,33.3,Total,Under 5 years old,LR,LBR,430.0,4221178.0,646.908727016597,2273155200.0,8.488167518494,59.62,1.05878496963336,,8.20076822497064,37.395,
205,Liberia,2013,41.9,Total,Under 5 years old,LR,LBR,430.0,4470239.0,717.007280358975,2875704600.0,7.577306817414,59.943,1.08123677293918,,8.68728781639683,36.138,
206,Liberia,2016,49.8,Total,Under 5 years old,LR,LBR,430.0,4755608.0,668.031513175601,3117419600.0,8.83424868336488,60.416,1.06263832185229,,-1.5549586174878,33.713,0.63
207,Liberia,2020,49.0,Total,Under 5 years old,LR,LBR,430.0,5149463.0,605.025475431411,2887982500.0,16.9557241496255,60.948,0.973405960386543,,-2.98249127649473,31.708,
208,Liberia,2022,44.8,Total,Under 5 years old,LR,LBR,430.0,5373294.0,638.005183858289,3751047000.0,7.59298486560313,61.1,2.48853504900889,,4.80810517290655,30.996,
209,Madagascar,2013,11.7,Female,Under 5 years old,MG,MDG,450.0,24109290.0,440.674658903628,12000180962.1806,5.8264294445198,63.962,0.578559931839726,,2.30037622800727,33.699,0.33
210,Madagascar,2018,12.6,Female,Under 5 years old,MG,MDG,450.0,27494926.0,459.330367799543,13299570422.2112,8.59422958870476,65.27,0.532102174287315,,3.19435651744398,32.088,
211,Madagascar,2013,15.1,Male,Under 5 years old,MG,MDG,450.0,24109290.0,440.674658903628,12000180962.1806,5.8264294445198,63.962,0.578559931839726,,2.30037622800727,33.699,0.33
212,Madagascar,2018,13.3,Male,Under 5 years old,MG,MDG,450.0,27494926.0,459.330367799543,13299570422.2112,8.59422958870476,65.27,0.532102174287315,,3.19435651744398,32.088,
213,Madagascar,2009,6.0,Total,Under 5 years old,MG,MDG,450.0,21547280.0,457.789754866068,9470022799.48728,8.95421802392949,62.734,0.738132953446095,,-3.9787086116544,36.743,
214,Madagascar,2013,13.4,Total,Under 5 years old,MG,MDG,450.0,24109290.0,440.674658903628,12000180962.1806,5.8264294445198,63.962,0.578559931839726,,2.30037622800727,33.699,0.33
215,Madagascar,2016,15.5,Total,Under 5 years old,MG,MDG,450.0,26099952.0,451.15659433146,11379471782.2222,6.03575858154679,64.997,0.501387044175783,,3.99314606199499,32.759,
216,Madagascar,2018,13.0,Total,Under 5 years old,MG,MDG,450.0,27494926.0,459.330367799543,13299570422.2112,8.59422958870476,65.27,0.532102174287315,,3.19435651744398,32.088,
217,Madagascar,2021,19.9,Total,Under 5 years old,MG,MDG,450.0,29691083.0,436.090064737198,14294802412.8899,5.81225118787715,64.485,0.692132176722242,,5.73961573854336,30.949,
218,Malawi,2012,19.5,Female,Under 5 years old,MW,MWI,454.0,15709577.0,512.740317968077,8638482884.79603,21.2712650013779,58.679,0.765630689417871,,1.90000000072142,38.794,
219,Malawi,2014,39.9,Female,Under 5 years old,MW,MWI,454.0,16621538.0,539.562601911645,8640515834.70583,23.7920649469687,60.899,0.580771920223763,,5.6252699997921,36.791,
220,Malawi,2017,35.6,Female,Under 5 years old,MW,MWI,454.0,18039715.0,544.795729217028,8735399094.03681,11.5433939188771,62.977,0.530100463619354,,4.00000000038216,34.343,
221,Malawi,2020,54.8,Female,Under 5 years old,MW,MWI,454.0,19533888.0,559.447086082658,11440171500.7669,8.62551469650552,63.717,0.834281207531417,,0.793596429787286,33.233,
222,Malawi,2012,22.6,Male,Under 5 years old,MW,MWI,454.0,15709577.0,512.740317968077,8638482884.79603,21.2712650013779,58.679,0.765630689417871,,1.90000000072142,38.794,
223,Malawi,2014,43.2,Male,Under 5 years old,MW,MWI,454.0,16621538.0,539.562601911645,8640515834.70583,23.7920649469687,60.899,0.580771920223763,,5.6252699997921,36.791,
224,Malawi,2017,39.4,Male,Under 5 years old,MW,MWI,454.0,18039715.0,544.795729217028,8735399094.03681,11.5433939188771,62.977,0.530100463619354,,4.00000000038216,34.343,
225,Malawi,2020,56.5,Male,Under 5 years old,MW,MWI,454.0,19533888.0,559.447086082658,11440171500.7669,8.62551469650552,63.717,0.834281207531417,,0.793596429787286,33.233,
226,Malawi,2010,17.4,Total,Under 5 years old,MW,MWI,454.0,14826463.0,508.088650544952,10021166893.8185,7.41159092883827,56.381,0.718201023626047,,6.87406585401587,40.825,
227,Malawi,2012,21.0,Total,Under 5 years old,MW,MWI,454.0,15709577.0,512.740317968077,8638482884.79603,21.2712650013779,58.679,0.765630689417871,,1.90000000072142,38.794,
228,Malawi,2014,41.5,Total,Under 5 years old,MW,MWI,454.0,16621538.0,539.562601911645,8640515834.70583,23.7920649469687,60.899,0.580771920223763,,5.6252699997921,36.791,
229,Malawi,2016,52.0,Total,Under 5 years old,MW,MWI,454.0,17557739.0,538.221990810316,7886787909.55495,21.7111132136499,62.209,0.452047299475691,,2.49999999902064,34.824,
230,Malawi,2017,37.6,Total,Under 5 years old,MW,MWI,454.0,18039715.0,544.795729217028,8735399094.03681,11.5433939188771,62.977,0.530100463619354,,4.00000000038216,34.343,
231,Malawi,2020,55.6,Total,Under 5 years old,MW,MWI,454.0,19533888.0,559.447086082658,11440171500.7669,8.62551469650552,63.717,0.834281207531417,,0.793596429787286,33.233,
232,Mali,2010,6.4,Female,Under 5 years old,ML,MLI,466.0,15945198.0,690.434176248061,10269428513.0978,1.10892690670187,56.382,1.37456680820104,,5.31393527895875,46.588,0.25
233,Mali,2015,12.3,Female,Under 5 years old,ML,MLI,466.0,18593022.0,704.821646439506,12808995432.8001,1.45069057605961,58.363,2.36017445199795,,6.17180002424978,44.342,0.26
234,Mali,2021,23.1,Female,Under 5 years old,ML,MLI,466.0,22388630.0,728.671852610385,18419319470.4693,3.92560283104276,58.941,3.40867958739493,,3.05261356942125,41.643,
235,Mali,2010,5.9,Male,Under 5 years old,ML,MLI,466.0,15945198.0,690.434176248061,10269428513.0978,1.10892690670187,56.382,1.37456680820104,,5.31393527895875,46.588,0.25
236,Mali,2015,16.0,Male,Under 5 years old,ML,MLI,466.0,18593022.0,704.821646439506,12808995432.8001,1.45069057605961,58.363,2.36017445199795,,6.17180002424978,44.342,0.26
237,Mali,2021,23.6,Male,Under 5 years old,ML,MLI,466.0,22388630.0,728.671852610385,18419319470.4693,3.92560283104276,58.941,3.40867958739493,,3.05261356942125,41.643,
238,Mali,2010,6.1,Total,Under 5 years old,ML,MLI,466.0,15945198.0,690.434176248061,10269428513.0978,1.10892690670187,56.382,1.37456680820104,,5.31393527895875,46.588,0.25
239,Mali,2015,14.2,Total,Under 5 years old,ML,MLI,466.0,18593022.0,704.821646439506,12808995432.8001,1.45069057605961,58.363,2.36017445199795,,6.17180002424978,44.342,0.26
240,Mali,2018,16.4,Total,Under 5 years old,ML,MLI,466.0,20442030.0,748.506920372791,16560622892.2968,0.299546507387934,59.393,2.82359553728652,,4.74648432724561,42.901,0.25
241,Mali,2021,23.3,Total,Under 5 years old,ML,MLI,466.0,22388630.0,728.671852610385,18419319470.4693,3.92560283104276,58.941,3.40867958739493,,3.05261356942125,41.643,
242,Mauritania,2011,6.0,Female,Under 5 years old,MR,MRT,478.0,3502811.0,1472.55245572229,6609314084.92644,5.68631959575954,63.346,,,4.17278327815399,36.712,
243,Mauritania,2011,4.3,Male,Under 5 years old,MR,MRT,478.0,3502811.0,1472.55245572229,6609314084.92644,5.68631959575954,63.346,,,4.17278327815399,36.712,
244,Mauritania,2011,5.1,Total,Under 5 years old,MR,MRT,478.0,3502811.0,1472.55245572229,6609314084.92644,5.68631959575954,63.346,,,4.17278327815399,36.712,
245,Mauritania,2015,13.0,Total,Under 5 years old,MR,MRT,478.0,3965959.0,1554.94897871782,5986395816.42587,3.25472688117631,64.485,2.15557240363879,,5.37633924099251,35.18,
246,Mauritania,2021,5.8,Total,Under 5 years old,MR,MRT,478.0,4734874.0,1520.31117904613,9076362254.14883,3.56516484650185,64.364,2.29399489807024,,0.742715395138262,33.194,
247,Mozambique,2011,29.8,Female,Under 5 years old,MZ,MOZ,508.0,23649039.0,514.869957191994,14364079955.0014,11.1666056127875,54.869,0.82655322493467,9.03128751876451,7.13405842300445,41.605,0.84
248,Mozambique,2015,40.9,Female,Under 5 years old,MZ,MOZ,508.0,26547572.0,610.563774706589,15908852641.2848,3.55075967356746,58.151,0.840285274150693,,7.3930936986377,38.797,0.78
249,Mozambique,2018,48.0,Female,Under 5 years old,MZ,MOZ,508.0,29018644.0,621.153734194787,14730512197.9489,3.91133439990723,60.526,1.32376513698605,,3.48493202422782,37.753,0.76
250,Mozambique,2011,29.7,Male,Under 5 years old,MZ,MOZ,508.0,23649039.0,514.869957191994,14364079955.0014,11.1666056127875,54.869,0.82655322493467,9.03128751876451,7.13405842300445,41.605,0.84
251,Mozambique,2015,38.4,Male,Under 5 years old,MZ,MOZ,508.0,26547572.0,610.563774706589,15908852641.2848,3.55075967356746,58.151,0.840285274150693,,7.3930936986377,38.797,0.78
252,Mozambique,2018,47.9,Male,Under 5 years old,MZ,MOZ,508.0,29018644.0,621.153734194787,14730512197.9489,3.91133439990723,60.526,1.32376513698605,,3.48493202422782,37.753,0.76
253,Mozambique,2011,29.8,Total,Under 5 years old,MZ,MOZ,508.0,23649039.0,514.869957191994,14364079955.0014,11.1666056127875,54.869,0.82655322493467,9.03128751876451,7.13405842300445,41.605,0.84
254,Mozambique,2015,39.6,Total,Under 5 years old,MZ,MOZ,508.0,26547572.0,610.563774706589,15908852641.2848,3.55075967356746,58.151,0.840285274150693,,7.3930936986377,38.797,0.78
255,Mozambique,2018,47.9,Total,Under 5 years old,MZ,MOZ,508.0,29018644.0,621.153734194787,14730512197.9489,3.91133439990723,60.526,1.32376513698605,,3.48493202422782,37.753,0.76
256,Mozambique,2023,51.2,Total,Under 5 years old,MZ,MOZ,508.0,33635160.0,610.174972826279,19117015861.5895,7.12697482131851,,1.73193242255364,,5.43685912188634,,
257,Myanmar,2016,3.0,Total,Under 5 years old,MM,MMR,104.0,51495696.0,1225.37913970924,61653951995.8482,6.92882525816076,65.685,4.08929708316631,,5.86247291517364,18.33,1.06
258,Namibia,2009,12.4,Female,Under 5 years old,,,,,,,,,,,,,
259,Namibia,2013,19.8,Female,Under 5 years old,,,,,,,,,,,,,
260,Namibia,2009,10.7,Male,Under 5 years old,,,,,,,,,,,,,
261,Namibia,2013,23.7,Male,Under 5 years old,,,,,,,,,,,,,
262,Namibia,2009,11.5,Total,Under 5 years old,,,,,,,,,,,,,
263,Namibia,2013,21.8,Total,Under 5 years old,,,,,,,,,,,,,
264,Nepal,2014,5.4,Female,Under 5 years old,NP,NPL,524.0,27672370.0,846.665541773599,23065091325.5243,8.36415469659563,68.085,1.49526274163701,15.4826794026705,6.01148284250441,22.22,0.27
265,Nepal,2019,8.5,Female,Under 5 years old,NP,NPL,524.0,28414064.0,1077.11796498188,34539791626.5539,5.56868547784929,69.558,1.33766548315175,,6.65705543110467,20.868,0.29
266,Nepal,2014,4.3,Male,Under 5 years old,NP,NPL,524.0,27672370.0,846.665541773599,23065091325.5243,8.36415469659563,68.085,1.49526274163701,15.4826794026705,6.01148284250441,22.22,0.27
267,Nepal,2019,9.8,Male,Under 5 years old,NP,NPL,524.0,28414064.0,1077.11796498188,34539791626.5539,5.56868547784929,69.558,1.33766548315175,,6.65705543110467,20.868,0.29
268,Nepal,2014,4.8,Total,Under 5 years old,NP,NPL,524.0,27672370.0,846.665541773599,23065091325.5243,8.36415469659563,68.085,1.49526274163701,15.4826794026705,6.01148284250441,22.22,0.27
269,Nepal,2019,9.2,Total,Under 5 years old,NP,NPL,524.0,28414064.0,1077.11796498188,34539791626.5539,5.56868547784929,69.558,1.33766548315175,,6.65705543110467,20.868,0.29
270,Niger,2012,13.5,Female,Under 5 years old,NE,NER,562.0,17836769.0,463.066265496402,9746582481.36369,0.45508982035929,59.65,1.62398436872309,29.6877361441591,10.5489445763446,47.398,0.44
271,Niger,2021,31.4,Female,Under 5 years old,NE,NER,562.0,24502140.0,523.263179518652,15188308377.3499,3.83786802840501,61.576,1.35370281969671,,1.38359636198477,45.293,
272,Niger,2012,13.6,Male,Under 5 years old,NE,NER,562.0,17836769.0,463.066265496402,9746582481.36369,0.45508982035929,59.65,1.62398436872309,29.6877361441591,10.5489445763446,47.398,0.44
273,Niger,2021,32.3,Male,Under 5 years old,NE,NER,562.0,24502140.0,523.263179518652,15188308377.3499,3.83786802840501,61.576,1.35370281969671,,1.38359636198477,45.293,
274,Niger,2012,13.6,Total,Under 5 years old,NE,NER,562.0,17836769.0,463.066265496402,9746582481.36369,0.45508982035929,59.65,1.62398436872309,29.6877361441591,10.5489445763446,47.398,0.44
275,Niger,2021,31.9,Total,Under 5 years old,NE,NER,562.0,24502140.0,523.263179518652,15188308377.3499,3.83786802840501,61.576,1.35370281969671,,1.38359636198477,45.293,
276,Nigeria,2010,6.0,Female,Under 5 years old,NG,NGA,566.0,166642886.0,2315.46676509662,347315817192.993,13.7400521363694,50.945,0.539231118131693,18.0814965736095,8.00565591628646,42.094,
277,Nigeria,2013,10.8,Female,Under 5 years old,NG,NGA,566.0,181049443.0,2495.34106573748,494387410379.986,8.49551838265678,51.707,0.469695304520636,18.5892631362877,6.67133539306172,40.603,
278,Nigeria,2017,13.6,Female,Under 5 years old,NG,NGA,566.0,200254579.0,2441.71236404487,367400071058.266,16.5022662139641,52.305,0.430671218863917,,0.80588661910221,38.689,
279,Nigeria,2018,13.7,Female,Under 5 years old,NG,NGA,566.0,204938755.0,2431.77857832567,410486871490.792,12.0951065173432,52.554,0.506944517393582,,1.92275734200651,38.248,
280,Nigeria,2021,16.3,Female,Under 5 years old,NG,NGA,566.0,218529286.0,2372.57314465346,432250677057.07,16.9528457221608,52.676,1.01270192678284,,3.64718654072446,37.117,
281,Nigeria,2010,4.9,Male,Under 5 years old,NG,NGA,566.0,166642886.0,2315.46676509662,347315817192.993,13.7400521363694,50.945,0.539231118131693,18.0814965736095,8.00565591628646,42.094,
282,Nigeria,2013,11.4,Male,Under 5 years old,NG,NGA,566.0,181049443.0,2495.34106573748,494387410379.986,8.49551838265678,51.707,0.469695304520636,18.5892631362877,6.67133539306172,40.603,
283,Nigeria,2017,14.0,Male,Under 5 years old,NG,NGA,566.0,200254579.0,2441.71236404487,367400071058.266,16.5022662139641,52.305,0.430671218863917,,0.80588661910221,38.689,
284,Nigeria,2018,13.9,Male,Under 5 years old,NG,NGA,566.0,204938755.0,2431.77857832567,410486871490.792,12.0951065173432,52.554,0.506944517393582,,1.92275734200651,38.248,
285,Nigeria,2021,17.2,Male,Under 5 years old,NG,NGA,566.0,218529286.0,2372.57314465346,432250677057.07,16.9528457221608,52.676,1.01270192678284,,3.64718654072446,37.117,
286,Nigeria,2009,5.6,Total,Under 5 years old,NG,NGA,566.0,162049464.0,2204.6072560373,280445995386.07,12.5378277304689,50.712,0.505855627592204,15.8541433462845,8.03692510099067,42.419,
287,Nigeria,2010,5.4,Total,Under 5 years old,NG,NGA,566.0,166642886.0,2315.46676509662,347315817192.993,13.7400521363694,50.945,0.539231118131693,18.0814965736095,8.00565591628646,42.094,
288,Nigeria,2013,11.1,Total,Under 5 years old,NG,NGA,566.0,181049443.0,2495.34106573748,494387410379.986,8.49551838265678,51.707,0.469695304520636,18.5892631362877,6.67133539306172,40.603,
289,Nigeria,2015,8.9,Total,Under 5 years old,NG,NGA,566.0,190671878.0,2585.73360671797,480318932817.476,9.00943498007699,51.841,0.417636537730714,,2.65269329543003,39.51,
290,Nigeria,2017,13.8,Total,Under 5 years old,NG,NGA,566.0,200254579.0,2441.71236404487,367400071058.266,16.5022662139641,52.305,0.430671218863917,,0.80588661910221,38.689,
291,Nigeria,2018,13.8,Total,Under 5 years old,NG,NGA,566.0,204938755.0,2431.77857832567,410486871490.792,12.0951065173432,52.554,0.506944517393582,,1.92275734200651,38.248,
292,Papua New Guinea,2018,24.6,Total,Under 5 years old,PG,PNG,598.0,9394513.0,2518.45899317321,22779684590.4295,4.37448921453162,65.182,0.330226700251889,,-0.279252284959952,26.834,
293,Rwanda,2011,18.9,Female,Under 5 years old,RW,RWA,646.0,10573733.0,614.539612560495,6827682931.80234,3.0801706924026,63.261,1.09493104282603,,7.95838869847094,33.658,0.72
294,Rwanda,2013,31.0,Female,Under 5 years old,RW,RWA,646.0,11093340.0,666.408748050251,7688179237.00505,5.92426867984854,64.426,1.05488528481013,,4.71984856978263,32.407,0.77
295,Rwanda,2015,35.2,Female,Under 5 years old,RW,RWA,646.0,11640022.0,733.998585018273,8381415487.9646,2.52850284192421,65.298,1.21369473342003,,8.8568555974538,31.833,0.74
296,Rwanda,2017,39.4,Female,Under 5 years old,RW,RWA,646.0,12202060.0,771.069190383494,8961396887.97232,8.27953672260832,65.941,1.24889524304653,,3.91817093628465,31.399,0.72
297,Rwanda,2020,41.0,Female,Under 5 years old,RW,RWA,646.0,13065837.0,826.391257189481,9937664507.81212,9.85039902274207,66.774,1.47386932055023,,-3.37368746369782,30.309,0.74
298,Rwanda,2011,22.8,Male,Under 5 years old,RW,RWA,646.0,10573733.0,614.539612560495,6827682931.80234,3.0801706924026,63.261,1.09493104282603,,7.95838869847094,33.658,0.72
299,Rwanda,2013,29.7,Male,Under 5 years old,RW,RWA,646.0,11093340.0,666.408748050251,7688179237.00505,5.92426867984854,64.426,1.05488528481013,,4.71984856978263,32.407,0.77
300,Rwanda,2015,36.9,Male,Under 5 years old,RW,RWA,646.0,11640022.0,733.998585018273,8381415487.9646,2.52850284192421,65.298,1.21369473342003,,8.8568555974538,31.833,0.74
301,Rwanda,2017,37.1,Male,Under 5 years old,RW,RWA,646.0,12202060.0,771.069190383494,8961396887.97232,8.27953672260832,65.941,1.24889524304653,,3.91817093628465,31.399,0.72
302,Rwanda,2020,40.4,Male,Under 5 years old,RW,RWA,646.0,13065837.0,826.391257189481,9937664507.81212,9.85039902274207,66.774,1.47386932055023,,-3.37368746369782,30.309,0.74
303,Rwanda,2011,21.0,Total,Under 5 years old,RW,RWA,646.0,10573733.0,614.539612560495,6827682931.80234,3.0801706924026,63.261,1.09493104282603,,7.95838869847094,33.658,0.72
304,Rwanda,2013,30.4,Total,Under 5 years old,RW,RWA,646.0,11093340.0,666.408748050251,7688179237.00505,5.92426867984854,64.426,1.05488528481013,,4.71984856978263,32.407,0.77
305,Rwanda,2015,36.1,Total,Under 5 years old,RW,RWA,646.0,11640022.0,733.998585018273,8381415487.9646,2.52850284192421,65.298,1.21369473342003,,8.8568555974538,31.833,0.74
306,Rwanda,2017,38.1,Total,Under 5 years old,RW,RWA,646.0,12202060.0,771.069190383494,8961396887.97232,8.27953672260832,65.941,1.24889524304653,,3.91817093628465,31.399,0.72
307,Rwanda,2020,40.7,Total,Under 5 years old,RW,RWA,646.0,13065837.0,826.391257189481,9937664507.81212,9.85039902274207,66.774,1.47386932055023,,-3.37368746369782,30.309,0.74
308,Sao Tome and Principe,2014,41.5,Female,Under 5 years old,ST,STP,678.0,196767.0,1301.32146445028,301248736.146009,6.99849943966421,66.845,,,4.90621048664867,34.032,
309,Sao Tome and Principe,2019,32.6,Female,Under 5 years old,ST,STP,678.0,213392.0,1420.66008316091,412519347.900467,7.72024525213248,68.523,,,2.01431672129407,28.917,2.89
310,Sao Tome and Principe,2014,42.5,Male,Under 5 years old,ST,STP,678.0,196767.0,1301.32146445028,301248736.146009,6.99849943966421,66.845,,,4.90621048664867,34.032,
311,Sao Tome and Principe,2019,27.5,Male,Under 5 years old,ST,STP,678.0,213392.0,1420.66008316091,412519347.900467,7.72024525213248,68.523,,,2.01431672129407,28.917,2.89
312,Sao Tome and Principe,2014,42.0,Total,Under 5 years old,ST,STP,678.0,196767.0,1301.32146445028,301248736.146009,6.99849943966421,66.845,,,4.90621048664867,34.032,
313,Sao Tome and Principe,2019,30.0,Total,Under 5 years old,ST,STP,678.0,213392.0,1420.66008316091,412519347.900467,7.72024525213248,68.523,,,2.01431672129407,28.917,2.89
314,Senegal,2011,10.7,Female,Under 5 years old,SN,SEN,686.0,12958897.0,1139.74447892639,17532438785.7207,3.40322829786971,65.262,1.29386015954483,47.4972165002072,1.33409107961258,37.502,
315,Senegal,2015,9.0,Female,Under 5 years old,SN,SEN,686.0,14593331.0,1218.00613555438,17312461398.5564,0.13521193363526,66.879,1.2090991706832,,6.36704365066983,35.357,0.69
316,Senegal,2016,12.2,Female,Under 5 years old,SN,SEN,686.0,15034521.0,1257.40906915928,18541862786.7709,0.837284942557434,67.497,1.60209745363896,,6.35606857181878,34.673,0.73
317,Senegal,2017,15.2,Female,Under 5 years old,SN,SEN,686.0,15475002.0,1312.10932776049,20409580182.44,1.3181531484778,67.75,1.47106251742975,,7.4074861863013,34.224,
318,Senegal,2018,13.5,Female,Under 5 years old,SN,SEN,686.0,15914498.0,1355.09610863712,22515158389.2178,0.460985642464282,68.097,1.66692756826471,,6.20924103389086,33.955,
319,Senegal,2021,18.2,Female,Under 5 years old,SN,SEN,686.0,17220867.0,1414.5395109385,26818952801.8446,2.18032278088147,67.093,1.77917638974008,,6.54400109964304,32.573,
320,Senegal,2011,8.9,Male,Under 5 years old,SN,SEN,686.0,12958897.0,1139.74447892639,17532438785.7207,3.40322829786971,65.262,1.29386015954483,47.4972165002072,1.33409107961258,37.502,
321,Senegal,2015,10.1,Male,Under 5 years old,SN,SEN,686.0,14593331.0,1218.00613555438,17312461398.5564,0.13521193363526,66.879,1.2090991706832,,6.36704365066983,35.357,0.69
322,Senegal,2016,13.6,Male,Under 5 years old,SN,SEN,686.0,15034521.0,1257.40906915928,18541862786.7709,0.837284942557434,67.497,1.60209745363896,,6.35606857181878,34.673,0.73
323,Senegal,2017,16.9,Male,Under 5 years old,SN,SEN,686.0,15475002.0,1312.10932776049,20409580182.44,1.3181531484778,67.75,1.47106251742975,,7.4074861863013,34.224,
324,Senegal,2018,14.0,Male,Under 5 years old,SN,SEN,686.0,15914498.0,1355.09610863712,22515158389.2178,0.460985642464282,68.097,1.66692756826471,,6.20924103389086,33.955,
325,Senegal,2021,25.3,Male,Under 5 years old,SN,SEN,686.0,17220867.0,1414.5395109385,26818952801.8446,2.18032278088147,67.093,1.77917638974008,,6.54400109964304,32.573,
326,Senegal,2009,4.9,Total,Under 5 years old,SN,SEN,686.0,12337389.0,1142.65317233964,15975441977.4227,-2.24802147855337,63.923,1.33587587609685,44.523718193924,2.75210448455053,38.1,
327,Senegal,2011,9.7,Total,Under 5 years old,SN,SEN,686.0,12958897.0,1139.74447892639,17532438785.7207,3.40322829786971,65.262,1.29386015954483,47.4972165002072,1.33409107961258,37.502,
328,Senegal,2015,9.5,Total,Under 5 years old,SN,SEN,686.0,14593331.0,1218.00613555438,17312461398.5564,0.13521193363526,66.879,1.2090991706832,,6.36704365066983,35.357,0.69
329,Senegal,2016,13.0,Total,Under 5 years old,SN,SEN,686.0,15034521.0,1257.40906915928,18541862786.7709,0.837284942557434,67.497,1.60209745363896,,6.35606857181878,34.673,0.73
330,Senegal,2017,16.1,Total,Under 5 years old,SN,SEN,686.0,15475002.0,1312.10932776049,20409580182.44,1.3181531484778,67.75,1.47106251742975,,7.4074861863013,34.224,
331,Senegal,2018,13.8,Total,Under 5 years old,SN,SEN,686.0,15914498.0,1355.09610863712,22515158389.2178,0.460985642464282,68.097,1.66692756826471,,6.20924103389086,33.955,
332,Senegal,2021,21.7,Total,Under 5 years old,SN,SEN,686.0,17220867.0,1414.5395109385,26818952801.8446,2.18032278088147,67.093,1.77917638974008,,6.54400109964304,32.573,
333,Sierra Leone,2010,26.4,Female,Under 5 years old,SL,SLE,694.0,6222714.0,869.552043593205,4033073711.0576,7.18566275668163,53.693,0.972150455134743,,6.63749245827172,38.887,
334,Sierra Leone,2013,39.3,Female,Under 5 years old,SL,SLE,694.0,6714051.0,1191.69433194611,7696661903.44187,5.52412877994266,56.313,0.643965907030134,,21.0790141636427,36.473,
335,Sierra Leone,2017,50.0,Female,Under 5 years old,SL,SLE,694.0,7379299.0,994.582742641008,5718813430.74186,18.2215094003386,58.652,1.0938168966116,,3.7538032140037,33.568,
336,Sierra Leone,2010,24.6,Male,Under 5 years old,SL,SLE,694.0,6222714.0,869.552043593205,4033073711.0576,7.18566275668163,53.693,0.972150455134743,,6.63749245827172,38.887,
337,Sierra Leone,2013,40.0,Male,Under 5 years old,SL,SLE,694.0,6714051.0,1191.69433194611,7696661903.44187,5.52412877994266,56.313,0.643965907030134,,21.0790141636427,36.473,
338,Sierra Leone,2017,50.2,Male,Under 5 years old,SL,SLE,694.0,7379299.0,994.582742641008,5718813430.74186,18.2215094003386,58.652,1.0938168966116,,3.7538032140037,33.568,
339,Sierra Leone,2010,25.5,Total,Under 5 years old,SL,SLE,694.0,6222714.0,869.552043593205,4033073711.0576,7.18566275668163,53.693,0.972150455134743,,6.63749245827172,38.887,
340,Sierra Leone,2013,39.6,Total,Under 5 years old,SL,SLE,694.0,6714051.0,1191.69433194611,7696661903.44187,5.52412877994266,56.313,0.643965907030134,,21.0790141636427,36.473,
341,Sierra Leone,2016,51.1,Total,Under 5 years old,SL,SLE,694.0,7205328.0,981.743978922239,5946667599.37297,10.8860609413903,58.404,1.11638235750704,,6.34672785193577,34.011,
342,Sierra Leone,2017,50.1,Total,Under 5 years old,SL,SLE,694.0,7379299.0,994.582742641008,5718813430.74186,18.2215094003386,58.652,1.0938168966116,,3.7538032140037,33.568,
343,Solomon Islands,2015,40.3,Female,Under 5 years old,SB,SLB,90.0,639415.0,2045.47889485251,1283709265.13979,-0.57446928635949,69.583,,,1.67614615649777,32.928,
344,Solomon Islands,2015,37.2,Male,Under 5 years old,SB,SLB,90.0,639415.0,2045.47889485251,1283709265.13979,-0.57446928635949,69.583,,,1.67614615649777,32.928,
345,Solomon Islands,2015,38.5,Total,Under 5 years old,SB,SLB,90.0,639415.0,2045.47889485251,1283709265.13979,-0.57446928635949,69.583,,,1.67614615649777,32.928,
346,South Sudan,2010,28.0,Female,Under 5 years old,SS,SSD,728.0,9745953.0,2295.07026096006,,1.16962180301106,54.812,4.14063254299941,,5.49341639529945,40.18,
347,South Sudan,2010,28.1,Male,Under 5 years old,SS,SSD,728.0,9745953.0,2295.07026096006,,1.16962180301106,54.812,4.14063254299941,,5.49341639529945,40.18,
348,South Sudan,2009,27.2,Total,Under 5 years old,SS,SSD,728.0,9243556.0,2293.80166888543,,5.00627361534043,53.891,4.96846263299849,,5.04164187983342,40.508,
349,South Sudan,2010,28.0,Total,Under 5 years old,SS,SSD,728.0,9745953.0,2295.07026096006,,1.16962180301106,54.812,4.14063254299941,,5.49341639529945,40.18,
350,South Sudan,2013,27.6,Total,Under 5 years old,SS,SSD,728.0,11166275.0,1165.16202707495,17413371593.2203,-0.0580909784225664,55.751,6.5698143952479,72.3759875950676,13.1297311406943,39.27,
351,Sudan,2010,52.8,Female,Under 5 years old,SD,SDN,736.0,35414399.0,1311.22314453125,54796022310.3448,12.9776663898014,63.016,,31.0290989649923,3.85824195230107,37.497,0.72
352,Sudan,2010,62.0,Male,Under 5 years old,SD,SDN,736.0,35414399.0,1311.22314453125,54796022310.3448,12.9776663898014,63.016,,31.0290989649923,3.85824195230107,37.497,0.72
353,Sudan,2010,57.4,Total,Under 5 years old,SD,SDN,736.0,35414399.0,1311.22314453125,54796022310.3448,12.9776663898014,63.016,,31.0290989649923,3.85824195230107,37.497,0.72
354,Suriname,2010,14.4,Female,Under 5 years old,SR,SUR,740.0,549923.0,8603.90786745855,4264071651.04609,6.94108221639996,69.894,,79.4149219440518,5.16882515225814,20.361,2.99
355,Suriname,2010,15.4,Male,Under 5 years old,SR,SUR,740.0,549923.0,8603.90786745855,4264071651.04609,6.94108221639996,69.894,,79.4149219440518,5.16882515225814,20.361,2.99
356,Suriname,2010,14.9,Total,Under 5 years old,SR,SUR,740.0,549923.0,8603.90786745855,4264071651.04609,6.94108221639996,69.894,,79.4149219440518,5.16882515225814,20.361,2.99
357,Tajikistan,2017,9.9,Female,Under 5 years old,TJ,TJK,762.0,9085946.0,1042.26391757642,8637196303.70133,,69.905,1.03718533693392,,7.10000041864309,28.932,4.49
358,Tajikistan,2017,14.1,Male,Under 5 years old,TJ,TJK,762.0,9085946.0,1042.26391757642,8637196303.70133,,69.905,1.03718533693392,,7.10000041864309,28.932,4.49
359,Tajikistan,2017,12.1,Total,Under 5 years old,TJ,TJK,762.0,9085946.0,1042.26391757642,8637196303.70133,,69.905,1.03718533693392,,7.10000041864309,28.932,4.49
360,Timor-Leste,2016,23.9,Female,Under 5 years old,TL,TLS,626.0,1228312.0,1333.6585468432,2220458200.0,-1.46984287886469,67.446,1.58833151581243,,3.00993062553351,27.018,
361,Timor-Leste,2016,25.1,Male,Under 5 years old,TL,TLS,626.0,1228312.0,1333.6585468432,2220458200.0,-1.46984287886469,67.446,1.58833151581243,,3.00993062553351,27.018,
362,Timor-Leste,2016,24.5,Total,Under 5 years old,TL,TLS,626.0,1228312.0,1333.6585468432,2220458200.0,-1.46984287886469,67.446,1.58833151581243,,3.00993062553351,27.018,
363,Togo,2010,18.2,Female,Under 5 years old,TG,TGO,768.0,6732590.0,644.563730311597,4722896939.13225,1.44594517430866,57.304,1.65885798813081,22.035708977706,5.85435269410561,37.351,0.59
364,Togo,2014,23.1,Female,Under 5 years old,TG,TGO,768.0,7472450.0,730.291525419946,6439476563.92261,0.19087507624975,58.853,1.81828886251592,17.8006330312163,5.6332402182029,34.827,0.63
365,Togo,2017,27.4,Female,Under 5 years old,TG,TGO,768.0,8057140.0,774.276909071917,6392420306.8336,-0.981889868943119,60.154,1.87454228815956,,4.00813326162304,33.656,0.65
366,Togo,2010,18.6,Male,Under 5 years old,TG,TGO,768.0,6732590.0,644.563730311597,4722896939.13225,1.44594517430866,57.304,1.65885798813081,22.035708977706,5.85435269410561,37.351,0.59
367,Togo,2014,24.4,Male,Under 5 years old,TG,TGO,768.0,7472450.0,730.291525419946,6439476563.92261,0.19087507624975,58.853,1.81828886251592,17.8006330312163,5.6332402182029,34.827,0.63
368,Togo,2017,27.0,Male,Under 5 years old,TG,TGO,768.0,8057140.0,774.276909071917,6392420306.8336,-0.981889868943119,60.154,1.87454228815956,,4.00813326162304,33.656,0.65
369,Togo,2010,18.4,Total,Under 5 years old,TG,TGO,768.0,6732590.0,644.563730311597,4722896939.13225,1.44594517430866,57.304,1.65885798813081,22.035708977706,5.85435269410561,37.351,0.59
370,Togo,2014,23.8,Total,Under 5 years old,TG,TGO,768.0,7472450.0,730.291525419946,6439476563.92261,0.19087507624975,58.853,1.81828886251592,17.8006330312163,5.6332402182029,34.827,0.63
371,Togo,2017,27.1,Total,Under 5 years old,TG,TGO,768.0,8057140.0,774.276909071917,6392420306.8336,-0.981889868943119,60.154,1.87454228815956,,4.00813326162304,33.656,0.65
372,Uganda,2011,26.5,Female,Under 5 years old,UG,UGA,800.0,33354543.0,816.516366587228,27440502305.144,16.5643496174515,57.965,2.538786699798,,9.3916554927176,42.434,
373,Uganda,2015,37.7,Female,Under 5 years old,UG,UGA,800.0,37531446.0,862.934610355811,31759208103.9823,5.58968606251725,61.086,1.04314802530803,,5.18785986002466,39.422,
374,Uganda,2018,49.3,Female,Under 5 years old,UG,UGA,800.0,41565831.0,895.07512785438,32000683481.9778,2.61601190952274,62.714,1.23271304540367,,6.30392378262997,38.062,
375,Uganda,2011,25.3,Male,Under 5 years old,UG,UGA,800.0,33354543.0,816.516366587228,27440502305.144,16.5643496174515,57.965,2.538786699798,,9.3916554927176,42.434,
376,Uganda,2015,33.7,Male,Under 5 years old,UG,UGA,800.0,37531446.0,862.934610355811,31759208103.9823,5.58968606251725,61.086,1.04314802530803,,5.18785986002466,39.422,
377,Uganda,2018,52.0,Male,Under 5 years old,UG,UGA,800.0,41565831.0,895.07512785438,32000683481.9778,2.61601190952274,62.714,1.23271304540367,,6.30392378262997,38.062,
378,Uganda,2009,17.1,Total,Under 5 years old,UG,UGA,800.0,31451151.0,749.342865535423,24723445791.5441,13.0172561889185,56.488,1.43231723283534,,6.80151734860395,43.544,0.4
379,Uganda,2011,25.9,Total,Under 5 years old,UG,UGA,800.0,33354543.0,816.516366587228,27440502305.144,16.5643496174515,57.965,2.538786699798,,9.3916554927176,42.434,
380,Uganda,2015,35.8,Total,Under 5 years old,UG,UGA,800.0,37531446.0,862.934610355811,31759208103.9823,5.58968606251725,61.086,1.04314802530803,,5.18785986002466,39.422,
381,Uganda,2016,49.0,Total,Under 5 years old,UG,UGA,800.0,38799152.0,874.648370639216,28691910472.5653,5.70637504616212,61.648,1.04325843278611,,4.78100029254482,38.709,
382,Uganda,2018,50.7,Total,Under 5 years old,UG,UGA,800.0,41565831.0,895.07512785438,32000683481.9778,2.61601190952274,62.714,1.23271304540367,,6.30392378262997,38.062,
383,"Tanzania, United Republic of",2012,22.9,Female,Under 5 years old,TZ,TZA,834.0,47374260.0,851.910705566406,39080121049.558,16.0010938506338,62.03,0.91379934806313,14.9068381124417,4.50015356010131,38.329,
384,"Tanzania, United Republic of",2017,44.2,Female,Under 5 years old,TZ,TZA,834.0,55652890.0,1001.88745117188,52339432682.9388,5.31871605228931,65.999,1.05639119393543,,6.76227716834148,38.058,
385,"Tanzania, United Republic of",2022,46.1,Female,Under 5 years old,TZ,TZA,834.0,64711821.0,1070.58532714844,74376313109.1194,4.35027204269101,66.782,1.13689842727626,,4.56600576430955,35.811,
386,"Tanzania, United Republic of",2012,26.9,Male,Under 5 years old,TZ,TZA,834.0,47374260.0,851.910705566406,39080121049.558,16.0010938506338,62.03,0.91379934806313,14.9068381124417,4.50015356010131,38.329,
387,"Tanzania, United Republic of",2017,41.9,Male,Under 5 years old,TZ,TZA,834.0,55652890.0,1001.88745117188,52339432682.9388,5.31871605228931,65.999,1.05639119393543,,6.76227716834148,38.058,
388,"Tanzania, United Republic of",2022,54.3,Male,Under 5 years old,TZ,TZA,834.0,64711821.0,1070.58532714844,74376313109.1194,4.35027204269101,66.782,1.13689842727626,,4.56600576430955,35.811,
389,"Tanzania, United Republic of",2012,24.9,Total,Under 5 years old,TZ,TZA,834.0,47374260.0,851.910705566406,39080121049.558,16.0010938506338,62.03,0.91379934806313,14.9068381124417,4.50015356010131,38.329,
390,"Tanzania, United Republic of",2017,43.1,Total,Under 5 years old,TZ,TZA,834.0,55652890.0,1001.88745117188,52339432682.9388,5.31871605228931,65.999,1.05639119393543,,6.76227716834148,38.058,
391,"Tanzania, United Republic of",2022,50.4,Total,Under 5 years old,TZ,TZA,834.0,64711821.0,1070.58532714844,74376313109.1194,4.35027204269101,66.782,1.13689842727626,,4.56600576430955,35.811,
392,Vietnam,2011,10.7,Total,Under 5 years old,VN,VNM,704.0,88468314.0,2132.90453762087,167761189190.507,18.6777322770707,73.692,1.55654936250578,68.4988899076788,6.41316889681683,16.929,2.21
393,Yemen,2013,14.7,Female,Under 5 years old,YE,YEM,887.0,29312952.0,2014.72887966873,38599633436.1767,10.9684421500198,67.545,4.07952740426758,98.4885027413083,4.82351906650533,34.794,0.6
394,Yemen,2013,16.4,Male,Under 5 years old,YE,YEM,887.0,29312952.0,2014.72887966873,38599633436.1767,10.9684421500198,67.545,4.07952740426758,98.4885027413083,4.82351906650533,34.794,0.6
395,Yemen,2013,15.6,Total,Under 5 years old,YE,YEM,887.0,29312952.0,2014.72887966873,38599633436.1767,10.9684421500198,67.545,4.07952740426758,98.4885027413083,4.82351906650533,34.794,0.6
396,Zambia,2010,16.4,Female,Under 5 years old,ZM,ZMB,894.0,13965594.0,1183.41712409199,18902559483.8548,8.50176133365265,56.799,1.38259276517524,7.75657913537183,10.2982233241213,41.794,2.0
397,Zambia,2012,32.8,Female,Under 5 years old,ZM,ZMB,894.0,14913629.0,1258.78938578996,25071084452.0428,6.57589970757698,58.867,1.39366692728694,10.6884904577488,7.59738104901994,40.352,
398,Zambia,2014,47.4,Female,Under 5 years old,ZM,ZMB,894.0,15895315.0,1299.01241762504,26589065800.1625,7.80687553566333,60.699,1.6618695574344,,4.69328316376705,38.584,
399,Zambia,2018,53.2,Female,Under 5 years old,ZM,ZMB,894.0,17973569.0,1321.25045711573,25904703273.4567,7.4945719272852,62.342,1.43749875079268,,4.03449389667165,36.04,
400,Zambia,2019,61.4,Female,Under 5 years old,ZM,ZMB,894.0,18513839.0,1301.18132976178,22904080806.827,9.15031644316296,62.793,1.255654723075,,1.44130602603785,35.462,
401,Zambia,2010,17.1,Male,Under 5 years old,ZM,ZMB,894.0,13965594.0,1183.41712409199,18902559483.8548,8.50176133365265,56.799,1.38259276517524,7.75657913537183,10.2982233241213,41.794,2.0
402,Zambia,2012,31.1,Male,Under 5 years old,ZM,ZMB,894.0,14913629.0,1258.78938578996,25071084452.0428,6.57589970757698,58.867,1.39366692728694,10.6884904577488,7.59738104901994,40.352,
403,Zambia,2014,49.8,Male,Under 5 years old,ZM,ZMB,894.0,15895315.0,1299.01241762504,26589065800.1625,7.80687553566333,60.699,1.6618695574344,,4.69328316376705,38.584,
404,Zambia,2018,56.2,Male,Under 5 years old,ZM,ZMB,894.0,17973569.0,1321.25045711573,25904703273.4567,7.4945719272852,62.342,1.43749875079268,,4.03449389667165,36.04,
405,Zambia,2019,64.4,Male,Under 5 years old,ZM,ZMB,894.0,18513839.0,1301.18132976178,22904080806.827,9.15031644316296,62.793,1.255654723075,,1.44130602603785,35.462,
406,Zambia,2010,16.7,Total,Under 5 years old,ZM,ZMB,894.0,13965594.0,1183.41712409199,18902559483.8548,8.50176133365265,56.799,1.38259276517524,7.75657913537183,10.2982233241213,41.794,2.0
407,Zambia,2012,32.3,Total,Under 5 years old,ZM,ZMB,894.0,14913629.0,1258.78938578996,25071084452.0428,6.57589970757698,58.867,1.39366692728694,10.6884904577488,7.59738104901994,40.352,
408,Zambia,2014,48.6,Total,Under 5 years old,ZM,ZMB,894.0,15895315.0,1299.01241762504,26589065800.1625,7.80687553566333,60.699,1.6618695574344,,4.69328316376705,38.584,
409,Zambia,2018,54.9,Total,Under 5 years old,ZM,ZMB,894.0,17973569.0,1321.25045711573,25904703273.4567,7.4945719272852,62.342,1.43749875079268,,4.03449389667165,36.04,
410,Zambia,2019,63.0,Total,Under 5 years old,ZM,ZMB,894.0,18513839.0,1301.18132976178,22904080806.827,9.15031644316296,62.793,1.255654723075,,1.44130602603785,35.462,
411,Zimbabwe,2011,7.0,Female,Under 5 years old,ZW,ZWE,716.0,13595424.0,1187.31840676659,12515356900.0,3.4661297281749,53.347,1.407162104666,28.4927432410129,14.6202072551987,37.205,1.82
412,Zimbabwe,2014,14.9,Female,Under 5 years old,ZW,ZWE,716.0,14207359.0,1377.25456014874,17300432200.0,-0.19778481012661,58.846,1.88778911739064,,1.48454262162193,35.122,2.0
413,Zimbabwe,2015,11.8,Female,Under 5 years old,ZW,ZWE,716.0,14399013.0,1386.42284717709,17604879500.0,-2.43096842383404,59.591,1.88630877860684,,2.02364999592871,33.96,
414,Zimbabwe,2019,11.1,Female,Under 5 years old,ZW,ZWE,716.0,15271368.0,1350.30985088104,25261574788.7573,255.304990757856,61.292,0.729567173018744,,-6.33244640703352,31.518,
415,Zimbabwe,2011,8.0,Male,Under 5 years old,ZW,ZWE,716.0,13595424.0,1187.31840676659,12515356900.0,3.4661297281749,53.347,1.407162104666,28.4927432410129,14.6202072551987,37.205,1.82
416,Zimbabwe,2014,13.4,Male,Under 5 years old,ZW,ZWE,716.0,14207359.0,1377.25456014874,17300432200.0,-0.19778481012661,58.846,1.88778911739064,,1.48454262162193,35.122,2.0
417,Zimbabwe,2015,13.7,Male,Under 5 years old,ZW,ZWE,716.0,14399013.0,1386.42284717709,17604879500.0,-2.43096842383404,59.591,1.88630877860684,,2.02364999592871,33.96,
418,Zimbabwe,2019,13.4,Male,Under 5 years old,ZW,ZWE,716.0,15271368.0,1350.30985088104,25261574788.7573,255.304990757856,61.292,0.729567173018744,,-6.33244640703352,31.518,
419,Zimbabwe,2011,7.0,Total,Under 5 years old,ZW,ZWE,716.0,13595424.0,1187.31840676659,12515356900.0,3.4661297281749,53.347,1.407162104666,28.4927432410129,14.6202072551987,37.205,1.82
420,Zimbabwe,2014,14.1,Total,Under 5 years old,ZW,ZWE,716.0,14207359.0,1377.25456014874,17300432200.0,-0.19778481012661,58.846,1.88778911739064,,1.48454262162193,35.122,2.0
421,Zimbabwe,2015,12.7,Total,Under 5 years old,ZW,ZWE,716.0,14399013.0,1386.42284717709,17604879500.0,-2.43096842383404,59.591,1.88630877860684,,2.02364999592871,33.96,
422,Zimbabwe,2019,12.2,Total,Under 5 years old,ZW,ZWE,716.0,15271368.0,1350.30985088104,25261574788.7573,255.304990757856,61.292,0.729567173018744,,-6.33244640703352,31.518,
